Country,Bulan,Revenue_Member,Revenue_Guest
Australia,1/10/20,81.6,0
Australia,1/11/20,462.5,0
Australia,1/14/20,177.0,0
Australia,1/17/20,431.3,0
Australia,1/19/20,238.5,0
Australia,1/20/20,87.75,0
Australia,1/28/20,384.68,0
Australia,1/6/201,7154.38,0
Australia,10/5/20,16471.77,0
Australia,10/6/20,678.76,0
Australia,11/15/2,5355.4,0
Australia,11/2/20,450.24,0
Australia,11/24/2,286.4,0
Australia,11/3/20,375.24,0
Australia,11/4/20,338.71,0
Australia,12/1/20,358.25,0
Australia,12/14/2,-27.75,0
Australia,12/17/2,415.7,0
Australia,12/8/20,258.9,0
Australia,2/15/20,14022.92,0
Australia,2/27/20,412.55,0
Australia,2/7/201,192.0,0
Australia,3/24/20,286.25,0
Australia,3/3/201,16558.14,0
Australia,3/9/201,210.9,0
Australia,4/1/201,350.0,0
Australia,4/28/20,-425.0,0
Australia,4/4/201,-13.2,0
Australia,4/8/201,421.6,0
Australia,5/12/20,475.16,0
Australia,5/17/20,11924.8,0
Australia,5/20/20,766.36,0
Australia,5/23/20,472.09,0
Australia,5/31/20,-9.9,0
Australia,6/15/20,23426.81,0
Australia,6/2/201,-23.0,0
Australia,6/30/20,1760.96,0
Australia,7/13/20,2796.36,0
Australia,7/14/20,902.09,0
Australia,7/19/20,483.02,0
Australia,7/24/20,505.46,0
Australia,7/26/20,80.64,0
Australia,8/12/20,608.76,0
Australia,8/18/20,21880.44,0
Australia,9/1/201,2941.72,0
Australia,9/16/20,519.89,0
Australia,9/25/20,825.92,0
Australia,9/28/20,596.5,0
Australia,9/5/201,147.7,0
Austria,10/18/2,1043.78,0
Austria,11/13/2,586.85,0
Austria,11/14/2,742.93,0
Austria,12/15/2,-20.16,0
Austria,12/17/2,277.2,0
Austria,12/8/20,683.2,0
Austria,2/1/201,364.6,0
Austria,2/2/201,153.76,0
Austria,3/23/20,1542.08,0
Austria,3/3/201,166.04,0
Austria,4/26/20,680.78,0
Austria,5/23/20,1083.58,0
Austria,5/6/201,165.85,0
Austria,6/14/20,-24.2,0
Austria,7/12/20,484.86,0
Austria,7/28/20,707.09,0
Austria,8/19/20,534.7,0
Austria,8/8/201,981.38,0
Bahrain,1/5/201,0,-205.74
Bahrain,12/20/2,0,205.74
Bahrain,5/19/20,89.0,0
Bahrain,5/9/201,459.4,0
Belgium,1/12/20,651.16,0
Belgium,1/19/20,-11.25,0
Belgium,1/20/20,225.6,0
Belgium,1/25/20,323.44,0
Belgium,1/5/201,-2.95,0
Belgium,1/6/201,-31.95,0
Belgium,10/10/2,332.68,0
Belgium,10/11/2,355.8,0
Belgium,10/13/2,1491.59,0
Belgium,10/14/2,450.86,0
Belgium,10/17/2,358.99,0
Belgium,10/21/2,300.76,0
Belgium,10/24/2,-34.0,0
Belgium,10/26/2,786.95,0
Belgium,10/28/2,499.16,0
Belgium,10/30/2,299.06,0
Belgium,10/31/2,462.85,0
Belgium,10/4/20,346.68,0
Belgium,11/10/2,-19.95,0
Belgium,11/17/2,1492.31,0
Belgium,11/18/2,1040.39,0
Belgium,11/20/2,265.83,0
Belgium,11/22/2,301.25,0
Belgium,11/24/2,-2.55,0
Belgium,11/28/2,-48.85,0
Belgium,11/29/2,281.9,0
Belgium,11/4/20,1673.03,0
Belgium,11/7/20,739.5,0
Belgium,11/8/20,506.55,0
Belgium,12/17/2,625.16,0
Belgium,12/2/20,302.02,0
Belgium,12/21/2,237.93,0
Belgium,12/22/2,600.72,0
Belgium,12/3/20,346.1,0
Belgium,12/6/20,898.77,0
Belgium,12/9/20,208.64,0
Belgium,2/11/20,231.51,0
Belgium,2/17/20,1119.2,0
Belgium,2/18/20,-14.85,0
Belgium,2/21/20,192.31,0
Belgium,2/24/20,-4.9,0
Belgium,2/25/20,189.9,0
Belgium,2/28/20,149.95,0
Belgium,2/3/201,213.9,0
Belgium,2/9/201,84.3,0
Belgium,3/1/201,559.12,0
Belgium,3/10/20,-18.4,0
Belgium,3/14/20,357.07,0
Belgium,3/20/20,226.3,0
Belgium,3/21/20,347.35,0
Belgium,3/23/20,614.55,0
Belgium,3/24/20,837.59,0
Belgium,3/3/201,410.0,0
Belgium,4/10/20,476.49,0
Belgium,4/12/20,344.57,0
Belgium,4/15/20,142.16,0
Belgium,4/18/20,269.66,0
Belgium,4/28/20,495.24,0
Belgium,4/7/201,240.88,0
Belgium,4/8/201,-14.85,0
Belgium,5/10/20,480.9,0
Belgium,5/12/20,181.82,0
Belgium,5/17/20,297.38,0
Belgium,5/23/20,514.82,0
Belgium,5/24/20,-5.4,0
Belgium,5/27/20,726.43,0
Belgium,5/5/201,149.97,0
Belgium,5/6/201,381.08,0
Belgium,6/1/201,84.92,0
Belgium,6/17/20,992.02,0
Belgium,6/22/20,459.84,0
Belgium,6/23/20,440.94,0
Belgium,6/29/20,-1.65,0
Belgium,6/30/20,163.9,0
Belgium,6/5/201,1296.12,0
Belgium,6/7/201,607.55,0
Belgium,6/8/201,99.45,0
Belgium,6/9/201,130.08,0
Belgium,7/13/20,45.6,0
Belgium,7/27/20,1214.81,0
Belgium,7/28/20,192.34,0
Belgium,7/6/201,719.06,0
Belgium,7/7/201,301.81,0
Belgium,8/11/20,469.25,0
Belgium,8/12/20,209.62,0
Belgium,8/19/20,771.97,0
Belgium,8/2/201,777.95,0
Belgium,8/25/20,752.79,0
Belgium,8/31/20,198.98,0
Belgium,8/4/201,355.56,0
Belgium,9/19/20,392.4,0
Belgium,9/2/201,632.08,0
Belgium,9/21/20,549.84,0
Belgium,9/22/20,705.81,0
Belgium,9/28/20,829.99,0
Belgium,9/9/201,1087.7,0
Brazil,4/15/20,1143.6,0
Canada,3/14/20,140.54,0
Canada,5/4/201,534.24,0
Canada,6/20/20,1171.46,0
Canada,7/11/20,1217.64,0
Canada,7/15/20,550.94,0
Canada,8/25/20,51.56,0
"Channel Islands",1/27/20,675.58,0
"Channel Islands",1/31/20,-30.5,0
"Channel Islands",10/14/2,862.32,0
"Channel Islands",10/5/20,1761.0,0
"Channel Islands",11/17/2,211.63,0
"Channel Islands",11/30/2,-19.6,0
"Channel Islands",11/6/20,1303.14,0
"Channel Islands",12/5/20,198.4,0
"Channel Islands",12/8/20,-4.25,0
"Channel Islands",12/9/20,363.53,0
"Channel Islands",2/15/20,1784.71,0
"Channel Islands",3/10/20,1104.13,0
"Channel Islands",3/2/201,828.84,0
"Channel Islands",3/9/201,1576.36,0
"Channel Islands",4/13/20,293.0,0
"Channel Islands",5/17/20,0.0,0
"Channel Islands",5/19/20,914.24,0
"Channel Islands",5/25/20,-10.45,0
"Channel Islands",6/17/20,2060.03,0
"Channel Islands",8/1/201,759.56,0
"Channel Islands",8/18/20,-4.25,0
"Channel Islands",8/21/20,1432.0,0
"Channel Islands",8/23/20,2705.22,0
"Channel Islands",9/19/20,1062.1,0
"Channel Islands",9/26/20,261.65,0
"Channel Islands",9/28/20,-2.1,0
Cyprus,1/12/20,547.5,0
Cyprus,10/13/2,2876.85,0
Cyprus,10/19/2,739.28,0
Cyprus,10/4/20,0.0,0
Cyprus,10/7/20,600.39,0
Cyprus,11/18/2,460.89,0
Cyprus,12/14/2,1590.82,0
Cyprus,12/2/20,-91.25,0
Cyprus,2/16/20,1683.9,0
Cyprus,2/17/20,15.0,0
Cyprus,2/21/20,320.69,0
Cyprus,2/7/201,1993.96,0
Cyprus,3/10/20,938.39,0
Cyprus,4/13/20,-35.8,0
Cyprus,6/3/201,1109.32,0
Cyprus,9/19/20,196.35,0
"Czech Republic",10/7/20,277.48,0
"Czech Republic",11/18/2,-61.51,0
"Czech Republic",2/28/20,549.26,0
"Czech Republic",4/1/201,-57.51,0
Denmark,10/11/2,171.66,0
Denmark,10/17/2,-34.65,0
Denmark,10/21/2,409.7,0
Denmark,10/7/20,891.4,0
Denmark,11/17/2,1794.05,0
Denmark,11/30/2,905.52,0
Denmark,12/5/20,168.9,0
Denmark,12/9/20,1281.5,0
Denmark,2/16/20,399.22,0
Denmark,3/17/20,3978.99,0
Denmark,5/11/20,515.7,0
Denmark,6/20/20,1125.4,0
Denmark,6/23/20,514.5,0
Denmark,6/9/201,1621.25,0
Denmark,7/25/20,376.24,0
Denmark,8/10/20,213.15,0
Denmark,8/9/201,-134.55,0
Denmark,9/21/20,3850.9,0
Denmark,9/26/20,336.14,0
Denmark,9/29/20,383.12,0
EIRE,1/10/20,0,-15.0
EIRE,1/14/20,16774.72,0
EIRE,1/18/20,465.58,0
EIRE,1/20/20,2756.84,0
EIRE,1/24/20,282.44,0
EIRE,1/26/20,802.56,0
EIRE,1/27/20,564.05,0
EIRE,1/5/201,-232.67,0
EIRE,1/9/201,258.0,0
EIRE,10/10/2,3160.78,0
EIRE,10/11/2,1575.79,0
EIRE,10/12/2,1422.76,0
EIRE,10/14/2,406.84,0
EIRE,10/17/2,5449.12,0
EIRE,10/18/2,1512.17,0
EIRE,10/19/2,1588.75,0
EIRE,10/20/2,3566.45,0
EIRE,10/21/2,1680.03,0
EIRE,10/24/2,618.82,0
EIRE,10/27/2,-97.9,0
EIRE,10/30/2,501.66,0
EIRE,10/31/2,596.91,0
EIRE,10/6/20,421.3,0
EIRE,10/7/20,904.14,0
EIRE,11/1/20,2047.05,0
EIRE,11/10/2,1003.03,0
EIRE,11/11/2,2506.77,0
EIRE,11/13/2,3353.93,1100.51
EIRE,11/14/2,348.21,0
EIRE,11/15/2,2246.31,0
EIRE,11/16/2,4741.78,164.51
EIRE,11/17/2,1602.42,0
EIRE,11/18/2,683.01,0
EIRE,11/2/20,-16.75,0
EIRE,11/20/2,917.54,0
EIRE,11/21/2,900.6,0
EIRE,11/22/2,2032.32,0
EIRE,11/23/2,147.48,0
EIRE,11/24/2,207.14,0
EIRE,11/25/2,293.79,0
EIRE,11/27/2,829.91,0
EIRE,11/28/2,1878.83,0
EIRE,11/30/2,1594.64,0
EIRE,11/4/20,-100.36,0
EIRE,11/7/20,1157.33,0
EIRE,11/8/20,-37.09,0
EIRE,11/9/20,810.14,0
EIRE,12/1/20,1229.78,346.67
EIRE,12/10/2,1156.05,0
EIRE,12/16/2,486.56,0
EIRE,12/17/2,753.74,670.38
EIRE,12/19/2,411.1,0
EIRE,12/2/20,15.0,0
EIRE,12/20/2,-760.31,0
EIRE,12/21/2,762.3,0
EIRE,12/23/2,289.85,-15.0
EIRE,12/3/20,2027.85,549.0
EIRE,12/4/20,773.54,0
EIRE,12/5/20,587.4,0
EIRE,12/6/20,1182.5,0
EIRE,12/7/20,3856.89,0
EIRE,12/8/20,1084.14,0
EIRE,12/9/20,945.55,0
EIRE,2/1/201,797.77,0
EIRE,2/14/20,2024.57,1096.14
EIRE,2/15/20,4362.5,0
EIRE,2/17/20,281.12,0
EIRE,2/18/20,162.7,0
EIRE,2/2/201,0,15.0
EIRE,2/21/20,0,1011.08
EIRE,2/23/20,1480.2,0
EIRE,2/25/20,-2548.8,0
EIRE,2/3/201,788.06,0
EIRE,2/4/201,229.6,0
EIRE,2/8/201,-25.8,0
EIRE,3/1/201,2541.15,0
EIRE,3/10/20,6162.02,0
EIRE,3/11/20,0.0,0
EIRE,3/14/20,1825.25,0
EIRE,3/15/20,3389.6,0
EIRE,3/17/20,376.83,0
EIRE,3/18/20,743.71,0
EIRE,3/20/20,197.8,0
EIRE,3/24/20,415.45,0
EIRE,3/25/20,750.37,0
EIRE,3/27/20,-24.79,0
EIRE,3/28/20,539.0,0
EIRE,3/29/20,0,523.15
EIRE,3/3/201,0,-10.2
EIRE,3/31/20,168.4,0
EIRE,3/4/201,1185.49,0
EIRE,4/1/201,1407.19,0
EIRE,4/11/20,998.53,0
EIRE,4/17/20,446.74,0
EIRE,4/19/20,367.62,0
EIRE,4/27/20,362.9,0
EIRE,4/4/201,2448.12,0
EIRE,4/6/201,955.99,0
EIRE,4/7/201,583.41,0
EIRE,5/10/20,0,810.45
EIRE,5/15/20,603.78,0
EIRE,5/16/20,4615.36,0
EIRE,5/17/20,-51.36,1216.12
EIRE,5/18/20,1414.36,0
EIRE,5/19/20,1203.8,0
EIRE,5/20/20,380.32,0
EIRE,5/23/20,1007.75,0
EIRE,5/24/20,-20.3,0
EIRE,5/26/20,488.24,0
EIRE,5/3/201,1164.21,0
EIRE,5/5/201,356.91,0
EIRE,5/6/201,3869.18,0
EIRE,5/8/201,862.53,0
EIRE,6/1/201,-7.5,0
EIRE,6/13/20,821.32,0
EIRE,6/15/20,4483.58,0
EIRE,6/16/20,1012.86,0
EIRE,6/17/20,626.13,0
EIRE,6/19/20,303.3,0
EIRE,6/20/20,0,0
EIRE,6/21/20,147.4,-1114.84
EIRE,6/22/20,1019.2,0
EIRE,6/23/20,366.6,0
EIRE,6/24/20,1000.31,542.2
EIRE,6/27/20,816.32,0
EIRE,6/29/20,2928.89,810.1
EIRE,6/30/20,756.36,0
EIRE,6/6/201,958.12,0
EIRE,6/7/201,254.31,0
EIRE,6/8/201,3351.32,0
EIRE,6/9/201,984.27,0
EIRE,7/1/201,1794.18,0
EIRE,7/14/20,1802.07,-5.9
EIRE,7/18/20,800.46,277.07
EIRE,7/19/20,13566.39,0
EIRE,7/21/20,1338.29,0
EIRE,7/26/20,396.77,-12.3
EIRE,7/27/20,764.51,0
EIRE,7/28/20,4969.32,436.83
EIRE,7/29/20,728.94,0
EIRE,7/31/20,14520.37,0
EIRE,7/4/201,0,1170.8
EIRE,7/5/201,205.6,0
EIRE,7/8/201,-12.75,0
EIRE,8/10/20,131.87,0
EIRE,8/11/20,1672.4,0
EIRE,8/12/20,2165.63,0
EIRE,8/14/20,-434.51,0
EIRE,8/15/20,467.42,0
EIRE,8/16/20,-63.94,0
EIRE,8/17/20,1578.69,619.35
EIRE,8/18/20,49.93,0
EIRE,8/19/20,989.49,0
EIRE,8/21/20,458.9,0
EIRE,8/23/20,42.5,767.02
EIRE,8/26/20,1452.16,0
EIRE,8/30/20,-132.23,0
EIRE,8/4/201,0.0,0
EIRE,8/5/201,1572.73,0
EIRE,8/8/201,829.96,-9.9
EIRE,9/1/201,3880.56,0
EIRE,9/14/20,744.91,0
EIRE,9/15/20,678.83,0
EIRE,9/19/20,644.33,0
EIRE,9/2/201,749.13,0
EIRE,9/20/20,1798.39,-36.75
EIRE,9/21/20,381.22,0
EIRE,9/22/20,1254.42,0
EIRE,9/23/20,3498.75,0
EIRE,9/26/20,1156.14,0
EIRE,9/27/20,772.95,0
EIRE,9/28/20,2334.49,0
EIRE,9/30/20,6163.84,0
EIRE,9/4/201,629.04,0
EIRE,9/5/201,8343.86,0
EIRE,9/6/201,4234.19,0
EIRE,9/7/201,3415.29,0
EIRE,9/8/201,0,2091.06
EIRE,9/9/201,-89.65,0
"European Community",4/26/20,191.4,0
"European Community",6/10/20,-8.5,0
"European Community",6/5/201,387.05,0
"European Community",6/6/201,45.0,0
"European Community",7/21/20,676.8,0
Finland,1/21/20,661.58,0
Finland,1/25/20,227.44,0
Finland,10/12/2,936.93,0
Finland,10/13/2,640.5,0
Finland,10/27/2,701.79,0
Finland,10/31/2,214.9,0
Finland,10/4/20,310.0,0
Finland,11/14/2,408.34,0
Finland,11/17/2,194.33,0
Finland,11/23/2,310.0,0
Finland,11/29/2,227.2,0
Finland,11/30/2,569.09,0
Finland,11/4/20,1241.28,0
Finland,12/1/20,890.0,0
Finland,12/16/2,892.8,0
Finland,12/2/20,342.76,0
Finland,12/7/20,-2.08,0
Finland,2/24/20,205.16,0
Finland,3/1/201,4969.22,0
Finland,3/20/20,409.2,0
Finland,3/21/20,-12.2,0
Finland,3/30/20,558.4,0
Finland,4/11/20,373.72,0
Finland,4/15/20,306.2,0
Finland,4/21/20,642.0,0
Finland,4/5/201,367.0,0
Finland,4/7/201,-62.11,0
Finland,6/23/20,329.56,0
Finland,7/14/20,1710.39,0
Finland,7/19/20,653.9,0
Finland,7/5/201,632.44,0
Finland,8/11/20,605.14,0
Finland,8/23/20,-4.95,0
Finland,8/26/20,410.55,0
Finland,8/4/201,360.81,0
Finland,9/13/20,319.6,0
Finland,9/2/201,230.3,0
Finland,9/22/20,245.55,0
Finland,9/25/20,310.0,0
France,1/10/20,1238.06,0
France,1/11/20,1512.64,0
France,1/12/20,1405.68,0
France,1/14/20,1790.43,0
France,1/17/20,732.14,0
France,1/19/20,752.75,0
France,1/20/20,1472.88,0
France,1/21/20,-5.45,0
France,1/23/20,514.5,0
France,1/24/20,190.2,0
France,1/25/20,3.45,0
France,1/27/20,-14.65,0
France,1/28/20,1079.83,0
France,1/31/20,3537.22,0
France,1/5/201,1369.28,0
France,1/6/201,745.02,0
France,1/7/201,1065.09,0
France,1/9/201,114.0,0
France,10/10/2,410.08,0
France,10/11/2,4242.86,0
France,10/12/2,1360.29,0
France,10/13/2,331.72,0
France,10/14/2,452.76,0
France,10/17/2,-3.18,0
France,10/18/2,-2.12,0
France,10/19/2,2792.96,0
France,10/20/2,1056.9,0
France,10/27/2,1103.79,0
France,10/28/2,8990.46,0
France,10/3/20,358.4,0
France,10/30/2,214.74,0
France,10/31/2,485.32,0
France,10/4/20,357.3,0
France,10/5/20,2059.2,0
France,10/6/20,145.2,0
France,10/7/20,675.36,0
France,11/1/20,1829.81,0
France,11/10/2,2128.03,0
France,11/11/2,2225.96,132.95
France,11/13/2,123.08,0
France,11/14/2,1666.42,0
France,11/15/2,809.22,0
France,11/16/2,1575.28,0
France,11/17/2,3254.12,0
France,11/18/2,1072.68,0
France,11/2/20,633.44,0
France,11/20/2,838.71,0
France,11/21/2,397.72,0
France,11/22/2,943.63,0
France,11/23/2,348.38,0
France,11/24/2,1982.67,0
France,11/25/2,1206.31,0
France,11/28/2,733.27,0
France,11/29/2,1339.12,0
France,11/3/20,1567.38,0
France,11/30/2,2752.06,0
France,11/4/20,399.51,0
France,11/7/20,0,288.67
France,11/8/20,1380.27,0
France,11/9/20,1068.82,0
France,12/1/20,1787.25,0
France,12/10/2,1071.9,0
France,12/15/2,195.89,0
France,12/16/2,-8.85,0
France,12/17/2,350.28,0
France,12/2/20,1370.36,0
France,12/20/2,1371.19,0
France,12/21/2,221.28,0
France,12/22/2,110.4,0
France,12/3/20,425.38,0
France,12/4/20,1031.89,0
France,12/5/20,2324.4,0
France,12/6/20,1403.94,0
France,12/7/20,2566.6,0
France,12/8/20,320.25,0
France,12/9/20,2082.03,0
France,2/1/201,510.85,0
France,2/10/20,321.56,0
France,2/14/20,-6.3,0
France,2/15/20,237.6,0
France,2/16/20,901.66,0
France,2/17/20,250.0,0
France,2/18/20,964.4,0
France,2/2/201,641.39,0
France,2/21/20,746.82,0
France,2/22/20,-24.55,0
France,2/23/20,439.76,0
France,2/27/20,110.6,0
France,2/28/20,1451.51,0
France,2/4/201,1236.73,0
France,2/8/201,201.86,0
France,2/9/201,455.02,0
France,3/1/201,1146.26,0
France,3/11/20,712.85,0
France,3/13/20,343.29,0
France,3/14/20,479.4,0
France,3/15/20,550.54,0
France,3/16/20,262.8,0
France,3/20/20,316.02,0
France,3/21/20,205.87,0
France,3/22/20,523.98,0
France,3/23/20,1891.28,0
France,3/25/20,357.91,0
France,3/27/20,164.05,0
France,3/28/20,1136.3,0
France,3/3/201,573.16,0
France,3/31/20,5593.59,0
France,3/4/201,317.25,0
France,3/7/201,-20.4,0
France,3/8/201,-37.25,0
France,4/1/201,382.8,0
France,4/11/20,-38.25,0
France,4/14/20,615.2,0
France,4/17/20,630.22,0
France,4/18/20,-86.0,0
France,4/20/20,541.2,0
France,4/21/20,706.55,0
France,4/26/20,160.54,0
France,4/27/20,-11.9,0
France,4/28/20,209.1,0
France,4/4/201,719.55,0
France,4/5/201,0.0,0
France,4/7/201,366.2,0
France,5/10/20,489.1,0
France,5/11/20,3018.73,0
France,5/12/20,296.53,0
France,5/13/20,1000.51,0
France,5/15/20,151.4,0
France,5/16/20,756.62,0
France,5/17/20,793.62,0
France,5/18/20,869.53,0
France,5/19/20,914.51,0
France,5/20/20,1100.55,0
France,5/22/20,910.71,0
France,5/23/20,421.96,0
France,5/24/20,393.34,0
France,5/25/20,1280.82,0
France,5/26/20,630.5,0
France,5/27/20,403.09,0
France,5/3/201,1823.34,0
France,5/31/20,441.89,0
France,5/5/201,236.0,0
France,5/8/201,1056.43,0
France,5/9/201,537.9,0
France,6/10/20,480.0,0
France,6/12/20,360.18,0
France,6/13/20,2399.62,0
France,6/15/20,1586.67,269.44
France,6/16/20,510.27,0
France,6/17/20,1319.38,0
France,6/19/20,125.46,0
France,6/20/20,734.56,0
France,6/21/20,257.3,0
France,6/22/20,852.44,0
France,6/24/20,634.74,0
France,6/27/20,201.24,0
France,6/28/20,134.28,0
France,6/30/20,-30.0,0
France,6/5/201,3442.51,0
France,6/6/201,371.45,0
France,6/8/201,1311.74,0
France,6/9/201,1030.59,0
France,7/1/201,451.86,0
France,7/11/20,611.08,0
France,7/12/20,1223.85,0
France,7/13/20,915.46,0
France,7/17/20,150.1,0
France,7/18/20,1866.08,0
France,7/19/20,99.6,0
France,7/21/20,-46.65,0
France,7/24/20,412.93,0
France,7/27/20,204.75,0
France,7/28/20,-46.65,0
France,7/29/20,677.9,0
France,7/4/201,474.36,0
France,7/5/201,644.45,0
France,7/6/201,1056.62,0
France,7/8/201,1193.25,0
France,8/10/20,248.35,0
France,8/12/20,391.18,0
France,8/14/20,46.65,0
France,8/15/20,1161.07,0
France,8/17/20,580.08,0
France,8/18/20,764.79,0
France,8/19/20,612.29,0
France,8/2/201,85.8,0
France,8/21/20,528.77,0
France,8/23/20,947.36,0
France,8/24/20,428.91,0
France,8/25/20,2169.21,0
France,8/26/20,1130.95,0
France,8/3/201,1202.22,0
France,8/31/20,2150.3,0
France,8/4/201,511.03,0
France,8/5/201,830.3,0
France,9/11/20,112.38,0
France,9/13/20,94.32,0
France,9/14/20,357.32,0
France,9/15/20,2656.31,0
France,9/16/20,-25.5,0
France,9/19/20,2035.05,0
France,9/2/201,942.76,0
France,9/20/20,377.66,0
France,9/21/20,1083.76,0
France,9/22/20,1661.7,0
France,9/23/20,790.54,0
France,9/25/20,775.99,0
France,9/26/20,-15.2,0
France,9/27/20,164.05,0
France,9/28/20,644.75,0
France,9/29/20,1395.68,0
France,9/30/20,1949.9,0
France,9/4/201,891.82,0
France,9/5/201,879.53,0
France,9/7/201,2889.76,0
France,9/8/201,1461.49,0
France,9/9/201,2074.8,0
Germany,1/10/20,660.43,0
Germany,1/11/20,144.26,0
Germany,1/12/20,249.4,0
Germany,1/13/20,753.45,0
Germany,1/14/20,534.02,0
Germany,1/17/20,1316.9,0
Germany,1/18/20,132.52,0
Germany,1/19/20,63.0,0
Germany,1/21/20,-62.25,0
Germany,1/24/20,2364.78,0
Germany,1/25/20,2372.14,0
Germany,1/26/20,1175.76,0
Germany,1/27/20,673.53,0
Germany,1/28/20,-79.71,0
Germany,1/31/20,2332.21,0
Germany,1/5/201,-148.54,0
Germany,1/6/201,-6.6,0
Germany,1/7/201,3976.13,0
Germany,10/10/2,272.98,0
Germany,10/11/2,962.99,0
Germany,10/12/2,1231.46,0
Germany,10/13/2,2047.14,0
Germany,10/14/2,1925.28,0
Germany,10/17/2,3512.87,0
Germany,10/18/2,1315.27,0
Germany,10/19/2,2588.86,0
Germany,10/20/2,1118.05,0
Germany,10/21/2,1347.05,0
Germany,10/23/2,-15.7,0
Germany,10/24/2,-38.45,0
Germany,10/25/2,1097.16,0
Germany,10/26/2,119.74,0
Germany,10/27/2,309.21,0
Germany,10/28/2,1080.33,0
Germany,10/31/2,785.53,0
Germany,10/4/20,-7.05,0
Germany,10/5/20,4178.92,0
Germany,10/6/20,3915.78,0
Germany,10/7/20,2866.85,0
Germany,11/10/2,294.74,0
Germany,11/11/2,2990.87,0
Germany,11/14/2,550.11,0
Germany,11/15/2,893.41,0
Germany,11/16/2,3594.12,0
Germany,11/17/2,3684.91,0
Germany,11/18/2,1102.72,0
Germany,11/2/20,120.23,0
Germany,11/20/2,219.0,0
Germany,11/21/2,366.45,0
Germany,11/22/2,1018.77,0
Germany,11/23/2,712.01,0
Germany,11/24/2,4244.42,0
Germany,11/25/2,125.22,0
Germany,11/28/2,1349.4,0
Germany,11/29/2,1358.86,0
Germany,11/3/20,817.97,0
Germany,11/30/2,679.4,0
Germany,11/4/20,-21.65,0
Germany,11/6/20,1184.05,0
Germany,11/7/20,548.85,0
Germany,11/8/20,-237.26,0
Germany,11/9/20,447.75,0
Germany,12/1/20,835.05,0
Germany,12/10/2,2360.41,0
Germany,12/13/2,-12.45,0
Germany,12/15/2,-52.9,0
Germany,12/16/2,-11.55,0
Germany,12/17/2,4672.82,0
Germany,12/19/2,469.87,0
Germany,12/2/20,176.18,0
Germany,12/20/2,331.31,0
Germany,12/23/2,1334.6,0
Germany,12/3/20,555.53,0
Germany,12/4/20,1179.87,0
Germany,12/5/20,2746.04,0
Germany,12/6/20,125.79,0
Germany,12/7/20,3476.06,0
Germany,12/8/20,1599.4,0
Germany,12/9/20,2581.51,0
Germany,2/1/201,264.65,0
Germany,2/10/20,351.95,0
Germany,2/11/20,2231.15,0
Germany,2/14/20,769.74,0
Germany,2/17/20,540.58,0
Germany,2/18/20,152.4,0
Germany,2/2/201,50.1,0
Germany,2/21/20,1401.29,0
Germany,2/23/20,388.3,0
Germany,2/25/20,1300.4,0
Germany,2/3/201,1642.54,0
Germany,2/4/201,-71.9,0
Germany,2/7/201,-94.93,0
Germany,2/8/201,-125.93,0
Germany,2/9/201,168.9,0
Germany,3/1/201,762.5,0
Germany,3/11/20,973.17,0
Germany,3/14/20,-44.85,0
Germany,3/16/20,300.7,0
Germany,3/17/20,1311.45,0
Germany,3/18/20,2390.93,0
Germany,3/20/20,363.93,0
Germany,3/22/20,1319.98,0
Germany,3/24/20,-45.15,0
Germany,3/25/20,2645.14,0
Germany,3/27/20,-3.75,0
Germany,3/28/20,1087.47,0
Germany,3/3/201,725.28,0
Germany,3/30/20,364.05,0
Germany,3/31/20,316.98,0
Germany,3/7/201,817.56,0
Germany,3/8/201,884.63,0
Germany,4/1/201,348.68,0
Germany,4/11/20,630.32,0
Germany,4/14/20,3439.06,0
Germany,4/18/20,0.0,0
Germany,4/19/20,2590.9,0
Germany,4/20/20,417.6,0
Germany,4/21/20,382.6,0
Germany,4/26/20,-37.25,0
Germany,4/27/20,1209.8,0
Germany,4/28/20,286.88,0
Germany,4/4/201,674.29,0
Germany,4/5/201,-56.35,0
Germany,4/6/201,-5.46,0
Germany,4/7/201,415.7,0
Germany,4/8/201,1666.6,0
Germany,5/1/201,1094.33,0
Germany,5/10/20,797.05,0
Germany,5/11/20,369.05,0
Germany,5/12/20,12165.25,0
Germany,5/13/20,881.2,0
Germany,5/17/20,742.28,0
Germany,5/19/20,2059.22,0
Germany,5/20/20,-29.9,0
Germany,5/22/20,1703.81,0
Germany,5/23/20,985.88,0
Germany,5/24/20,293.25,0
Germany,5/26/20,1027.53,0
Germany,5/27/20,716.73,0
Germany,5/29/20,582.73,0
Germany,5/3/201,-13.1,0
Germany,5/31/20,67.46,0
Germany,5/4/201,822.74,0
Germany,5/5/201,440.38,0
Germany,5/6/201,240.98,0
Germany,5/9/201,624.48,0
Germany,6/1/201,613.79,0
Germany,6/10/20,627.4,0
Germany,6/12/20,583.2,0
Germany,6/13/20,2557.64,0
Germany,6/16/20,679.15,0
Germany,6/2/201,1970.88,0
Germany,6/20/20,1920.4,0
Germany,6/21/20,427.76,0
Germany,6/23/20,276.93,0
Germany,6/24/20,185.64,0
Germany,6/26/20,44.25,0
Germany,6/3/201,68.1,0
Germany,6/30/20,1199.12,0
Germany,6/5/201,1002.63,0
Germany,6/6/201,489.45,0
Germany,6/7/201,-40.46,0
Germany,6/9/201,475.14,0
Germany,7/1/201,37.27,0
Germany,7/12/20,558.96,0
Germany,7/13/20,281.71,0
Germany,7/14/20,1550.83,0
Germany,7/15/20,1337.11,0
Germany,7/17/20,345.23,0
Germany,7/19/20,2438.5,0
Germany,7/20/20,947.97,0
Germany,7/21/20,1905.63,0
Germany,7/22/20,768.02,0
Germany,7/24/20,612.1,0
Germany,7/25/20,1131.18,0
Germany,7/26/20,-147.9,0
Germany,7/27/20,440.7,0
Germany,7/28/20,385.14,0
Germany,7/29/20,-84.19,0
Germany,7/4/201,1028.42,0
Germany,7/7/201,1183.29,0
Germany,7/8/201,1001.69,0
Germany,8/1/201,1089.18,0
Germany,8/11/20,-9.95,0
Germany,8/12/20,-36.05,0
Germany,8/15/20,378.12,0
Germany,8/16/20,115.3,0
Germany,8/17/20,748.06,0
Germany,8/19/20,877.63,0
Germany,8/2/201,1135.27,0
Germany,8/21/20,324.83,0
Germany,8/22/20,2269.37,0
Germany,8/23/20,443.17,0
Germany,8/24/20,1691.43,0
Germany,8/25/20,620.15,0
Germany,8/26/20,405.13,0
Germany,8/3/201,221.04,0
Germany,8/30/20,403.83,0
Germany,8/31/20,5404.08,0
Germany,8/4/201,1249.93,0
Germany,8/5/201,1066.1,0
Germany,8/7/201,107.4,0
Germany,8/8/201,416.65,0
Germany,8/9/201,102.98,0
Germany,9/1/201,-37.7,0
Germany,9/11/20,1653.89,0
Germany,9/13/20,199.8,0
Germany,9/14/20,351.65,0
Germany,9/16/20,1231.97,0
Germany,9/19/20,2170.84,0
Germany,9/2/201,378.86,0
Germany,9/20/20,128.28,0
Germany,9/21/20,1049.04,0
Germany,9/22/20,708.23,0
Germany,9/23/20,2569.5,0
Germany,9/26/20,704.04,0
Germany,9/27/20,402.45,0
Germany,9/28/20,359.92,0
Germany,9/29/20,1107.13,0
Germany,9/30/20,281.94,0
Germany,9/4/201,2390.71,0
Germany,9/5/201,-19.03,0
Germany,9/6/201,1002.44,0
Germany,9/8/201,1235.38,0
Germany,9/9/201,-149.03,0
Greece,1/24/20,2661.24,0
Greece,12/6/20,680.99,0
Greece,3/4/201,387.31,0
Greece,4/8/201,609.74,0
Greece,7/11/20,371.24,0
"Hong Kong",1/24/20,0,2439.76
"Hong Kong",10/18/2,0,423.42
"Hong Kong",10/28/2,0,311.1
"Hong Kong",10/4/20,0,-10.95
"Hong Kong",11/14/2,0,0
"Hong Kong",3/15/20,0,0
"Hong Kong",4/12/20,0,1539.64
"Hong Kong",5/13/20,0,1966.16
"Hong Kong",6/22/20,0,633.96
"Hong Kong",8/23/20,0,2813.95
"Hong Kong",9/19/20,0,0
Iceland,1/26/20,475.39,0
Iceland,10/31/2,1294.32,0
Iceland,12/7/20,936.61,0
Iceland,4/7/201,636.25,0
Iceland,6/9/201,382.52,0
Iceland,8/2/201,584.91,0
Israel,1/10/20,0,379.84
Israel,10/4/20,138.03,0
Israel,12/15/2,-227.44,0
Israel,2/16/20,779.1,0
Israel,4/1/201,0,110.0
Israel,7/14/20,1430.75,0
Israel,8/18/20,4873.81,0
Israel,9/9/201,0,423.73
Italy,1/13/20,1608.66,0
Italy,1/21/20,341.0,0
Italy,1/26/20,452.85,0
Italy,1/27/20,-33.5,0
Italy,1/5/201,-7.65,0
Italy,10/13/2,318.06,0
Italy,10/18/2,1193.32,0
Italy,10/24/2,722.4,0
Italy,10/25/2,435.09,0
Italy,10/26/2,-30.55,0
Italy,10/27/2,160.0,0
Italy,10/30/2,343.0,0
Italy,10/31/2,317.82,0
Italy,10/6/20,-48.35,0
Italy,11/1/20,120.0,0
Italy,11/14/2,-103.2,0
Italy,11/17/2,248.2,0
Italy,11/18/2,1363.16,0
Italy,11/2/20,85.92,0
Italy,11/21/2,1757.55,0
Italy,11/22/2,611.19,0
Italy,11/23/2,358.73,0
Italy,11/30/2,-197.8,0
Italy,12/21/2,383.7,0
Italy,12/3/20,427.8,0
Italy,12/6/20,183.45,0
Italy,2/11/20,-4.5,0
Italy,2/18/20,256.0,0
Italy,3/14/20,-9.9,0
Italy,3/17/20,1017.68,0
Italy,3/28/20,307.5,0
Italy,3/4/201,463.63,0
Italy,4/19/20,255.04,0
Italy,4/7/201,482.79,0
Italy,5/31/20,587.45,0
Italy,6/29/20,-39.8,0
Italy,6/7/201,159.11,0
Italy,6/9/201,42.96,0
Italy,7/26/20,147.1,0
Italy,8/10/20,721.95,0
Italy,8/11/20,-11.55,0
Italy,8/25/20,309.5,0
Italy,8/4/201,-31.85,0
Italy,8/5/201,946.75,0
Italy,9/20/20,279.8,0
Japan,1/6/201,-109.8,0
Japan,10/26/2,1948.04,0
Japan,11/17/2,4808.48,0
Japan,11/29/2,3651.6,0
Japan,12/12/2,3590.59,0
Japan,12/5/20,320.08,0
Japan,12/6/20,-116.93,0
Japan,12/9/20,3794.4,0
Japan,2/4/201,45.57,0
Japan,2/9/201,5735.24,0
Japan,3/2/201,-28.09,0
Japan,3/4/201,17.55,0
Japan,3/7/201,-63.12,0
Japan,4/18/20,2949.12,0
Japan,4/26/20,-85.47,0
Japan,4/4/201,-1591.2,0
Japan,4/5/201,3599.38,0
Japan,5/13/20,1351.45,0
Japan,6/22/20,1607.04,0
Japan,7/24/20,174.0,0
Japan,7/27/20,3680.4,0
Japan,8/23/20,-49.79,0
Japan,9/14/20,112.08,0
Lebanon,1/27/20,1693.88,0
Lithuania,12/5/20,1598.06,0
Lithuania,12/8/20,63.0,0
Malta,11/17/2,613.43,0
Malta,11/23/2,-30.81,0
Malta,12/1/20,-30.81,0
Malta,6/16/20,-12.75,0
Malta,6/22/20,30.0,0
Malta,6/8/201,833.16,0
Malta,8/15/20,905.5,0
Malta,8/22/20,213.5,0
Malta,8/30/20,-15.75,0
Netherlands,1/14/20,10389.06,0
Netherlands,1/19/20,7722.04,0
Netherlands,1/20/20,305.28,0
Netherlands,1/21/20,8060.3,0
Netherlands,1/31/20,134.48,0
Netherlands,10/18/2,448.92,0
Netherlands,10/20/2,25833.56,0
Netherlands,10/21/2,3325.62,0
Netherlands,10/27/2,9995.22,0
Netherlands,10/5/20,91.85,0
Netherlands,10/6/20,841.55,0
Netherlands,10/7/20,171.93,0
Netherlands,11/10/2,9823.12,0
Netherlands,11/16/2,232.5,0
Netherlands,11/18/2,166.0,0
Netherlands,11/2/20,4486.91,0
Netherlands,11/20/2,140.24,0
Netherlands,11/22/2,809.6,0
Netherlands,11/23/2,10078.64,0
Netherlands,11/30/2,119.0,0
Netherlands,12/1/20,192.6,0
Netherlands,12/20/2,70.96,0
Netherlands,12/21/2,8520.92,0
Netherlands,12/7/20,11477.42,0
Netherlands,12/8/20,250.6,0
Netherlands,2/1/201,214.45,0
Netherlands,2/21/20,18279.48,0
Netherlands,2/22/20,3211.7,0
Netherlands,2/3/201,-34.8,0
Netherlands,2/8/201,1261.28,0
Netherlands,3/14/20,117.93,0
Netherlands,3/22/20,235.71,0
Netherlands,3/25/20,1563.51,0
Netherlands,3/29/20,18247.5,0
Netherlands,3/30/20,1807.04,0
Netherlands,3/9/201,444.8,0
Netherlands,4/28/20,692.36,0
Netherlands,4/5/201,2284.2,0
Netherlands,5/11/20,824.4,0
Netherlands,5/12/20,16478.46,0
Netherlands,5/18/20,732.4,0
Netherlands,5/20/20,294.72,0
Netherlands,5/25/20,1392.0,0
Netherlands,5/26/20,8980.88,0
Netherlands,5/31/20,483.02,0
Netherlands,6/1/201,5422.8,0
Netherlands,6/19/20,5683.06,0
Netherlands,6/20/20,154.67,0
Netherlands,6/21/20,637.72,0
Netherlands,6/28/20,14028.46,0
Netherlands,6/3/201,419.8,0
Netherlands,6/6/201,427.58,0
Netherlands,6/9/201,69.0,0
Netherlands,7/20/20,26.02,0
Netherlands,8/11/20,19150.66,0
Netherlands,8/12/20,825.6,0
Netherlands,8/18/20,-206.4,0
Netherlands,8/23/20,424.8,0
Netherlands,8/26/20,7428.04,0
Netherlands,8/31/20,-465.6,0
Netherlands,8/9/201,12498.71,0
Netherlands,9/13/20,8281.12,0
Netherlands,9/19/20,15618.28,0
Netherlands,9/22/20,904.62,0
Netherlands,9/8/201,1946.68,0
Netherlands,9/9/201,186.56,0
Norway,10/11/2,6.0,0
Norway,10/12/2,883.51,0
Norway,10/27/2,1755.06,0
Norway,10/28/2,1042.66,0
Norway,11/18/2,936.64,0
Norway,11/25/2,2016.78,0
Norway,11/3/20,311.73,0
Norway,11/30/2,2843.29,0
Norway,11/6/20,419.06,0
Norway,12/1/20,1919.14,0
Norway,12/5/20,147.01,0
Norway,12/8/20,1867.98,0
Norway,12/9/20,2638.69,0
Norway,2/16/20,296.5,0
Norway,2/2/201,334.4,0
Norway,3/1/201,144.35,0
Norway,3/17/20,120.33,0
Norway,3/22/20,40.0,0
Norway,6/20/20,3316.66,0
Norway,6/21/20,1870.2,0
Norway,6/22/20,700.0,0
Norway,7/22/20,890.07,0
Norway,8/10/20,757.07,0
Norway,8/12/20,1268.74,0
Norway,8/31/20,-41.35,0
Norway,9/1/201,509.01,0
Norway,9/15/20,562.54,0
Norway,9/19/20,4366.78,0
Norway,9/20/20,366.25,0
Norway,9/28/20,266.25,0
Norway,9/9/201,2608.11,0
Poland,1/17/20,613.22,0
Poland,11/18/2,-19.36,0
Poland,11/2/20,981.95,0
Poland,11/4/20,379.28,0
Poland,12/3/20,248.16,0
Poland,2/4/201,337.2,0
Poland,2/8/201,266.85,0
Poland,3/15/20,317.78,0
Poland,3/21/20,-14.39,0
Poland,4/5/201,705.84,0
Poland,5/25/20,1367.57,0
Poland,5/5/201,154.8,0
Poland,6/1/201,-53.91,0
Poland,6/16/20,318.65,0
Poland,6/3/201,0.0,0
Poland,7/13/20,239.2,0
Poland,7/15/20,448.1,0
Poland,7/25/20,-8.85,0
Poland,8/3/201,275.88,0
Poland,8/30/20,125.92,0
Poland,9/5/201,529.25,0
Portugal,1/18/20,2271.62,0
Portugal,1/26/20,683.93,0
Portugal,1/5/201,-57.6,0
Portugal,1/9/201,1100.16,0
Portugal,10/11/2,892.47,0
Portugal,10/13/2,1319.01,0
Portugal,10/14/2,642.01,0
Portugal,10/17/2,543.41,0
Portugal,10/19/2,149.75,0
Portugal,10/25/2,0,307.21
Portugal,10/6/20,1730.77,0
Portugal,11/11/2,305.3,0
Portugal,11/14/2,511.09,0
Portugal,11/17/2,58.35,0
Portugal,11/21/2,430.48,0
Portugal,11/24/2,859.12,0
Portugal,11/3/20,202.3,0
Portugal,11/30/2,56.0,0
Portugal,11/7/20,222.26,0
Portugal,12/10/2,311.95,0
Portugal,12/14/2,-59.85,0
Portugal,12/17/2,463.5,0
Portugal,12/2/20,1436.93,0
Portugal,12/3/20,131.8,0
Portugal,12/5/20,252.25,0
Portugal,12/6/20,847.83,0
Portugal,12/7/20,394.34,0
Portugal,12/8/20,1149.29,0
Portugal,12/9/20,254.03,0
Portugal,2/21/20,973.65,0
Portugal,2/28/20,240.25,0
Portugal,3/23/20,247.6,0
Portugal,3/24/20,27.0,0
Portugal,3/28/20,400.54,0
Portugal,3/31/20,415.52,0
Portugal,3/8/201,1570.19,0
Portugal,4/13/20,1206.29,0
Portugal,4/8/201,481.46,0
Portugal,5/12/20,602.83,0
Portugal,5/23/20,-15.0,0
Portugal,6/15/20,489.31,0
Portugal,6/24/20,-4.95,0
Portugal,6/7/201,243.2,0
Portugal,6/8/201,151.95,0
Portugal,7/13/20,1452.2,0
Portugal,7/20/20,835.65,0
Portugal,8/15/20,1221.4,0
Portugal,8/3/201,-15.0,0
Portugal,9/2/201,317.0,0
Portugal,9/22/20,777.2,0
Portugal,9/25/20,339.02,0
RSA,10/13/2,1002.31,0
"Saudi Arabia",2/24/20,145.92,0
"Saudi Arabia",3/3/201,-14.75,0
Singapore,1/25/20,2053.07,0
Singapore,10/14/2,999.26,0
Singapore,10/19/2,0.0,0
Singapore,4/4/201,0.0,0
Singapore,4/5/201,2118.74,0
Singapore,7/18/20,3949.32,0
Spain,1/10/20,1715.85,0
Spain,1/11/20,4564.3,0
Spain,1/18/20,681.05,0
Spain,1/19/20,112.92,0
Spain,1/20/20,-65.7,0
Spain,1/24/20,157.45,0
Spain,1/27/20,1.20792265079217e-13,0
Spain,1/6/201,-1126.0,0
Spain,1/7/201,1138.67,0
Spain,10/14/2,3528.34,0
Spain,10/17/2,-3528.34,0
Spain,10/18/2,1019.47,0
Spain,10/19/2,348.32,0
Spain,10/20/2,290.81,0
Spain,10/24/2,401.3,0
Spain,10/26/2,449.45,0
Spain,10/3/20,-9.95,0
Spain,10/30/2,2176.45,0
Spain,10/4/20,-20.0,0
Spain,10/7/20,422.8,0
Spain,11/10/2,791.99,0
Spain,11/17/2,1184.06,0
Spain,11/20/2,1094.23,0
Spain,11/21/2,427.48,0
Spain,11/23/2,2990.0,0
Spain,11/24/2,178.48,0
Spain,11/29/2,170.74,0
Spain,11/3/20,372.7,0
Spain,11/4/20,738.57,0
Spain,11/7/20,11.91,0
Spain,11/8/20,573.71,0
Spain,12/13/2,881.01,0
Spain,12/17/2,168.0,0
Spain,12/3/20,620.0,0
Spain,12/6/20,172.06,0
Spain,12/7/20,99.37,0
Spain,12/9/20,174.72,0
Spain,2/1/201,288.98,0
Spain,2/14/20,446.16,0
Spain,2/18/20,-20.8,0
Spain,2/3/201,617.25,0
Spain,2/9/201,762.11,0
Spain,3/16/20,1218.95,0
Spain,3/22/20,1085.99,0
Spain,3/24/20,1140.76,0
Spain,3/25/20,628.15,0
Spain,3/28/20,817.5,0
Spain,3/4/201,471.8,0
Spain,3/7/201,-36.5,0
Spain,4/11/20,269.95,0
Spain,4/21/20,1079.4,0
Spain,4/28/20,436.3,0
Spain,5/26/20,48.4,0
Spain,5/31/20,1306.49,0
Spain,5/4/201,1380.11,0
Spain,5/6/201,522.6,0
Spain,6/16/20,1137.99,0
Spain,6/19/20,564.2,0
Spain,6/26/20,95.2,0
Spain,6/3/201,264.4,0
Spain,6/6/201,357.99,0
Spain,6/9/201,912.66,0
Spain,7/11/20,312.9,0
Spain,7/20/20,301.52,0
Spain,7/25/20,1358.39,0
Spain,7/28/20,811.9,0
Spain,7/4/201,4146.34,0
Spain,7/6/201,230.5,0
Spain,7/7/201,416.62,0
Spain,8/16/20,200.24,0
Spain,8/17/20,231.76,0
Spain,8/21/20,-3.25,0
Spain,8/24/20,509.34,0
Spain,8/28/20,1246.49,0
Spain,8/31/20,278.4,0
Spain,8/4/201,867.43,0
Spain,9/19/20,971.65,0
Spain,9/20/20,-25.5,0
Spain,9/21/20,964.83,0
Spain,9/23/20,1037.68,0
Spain,9/25/20,372.24,0
Spain,9/27/20,290.5,0
Spain,9/5/201,1092.35,0
Spain,9/8/201,459.99,0
Sweden,1/28/20,2938.76,0
Sweden,1/4/201,507.56,0
Sweden,10/14/2,15.0,0
Sweden,10/17/2,5296.96,0
Sweden,10/30/2,454.2,0
Sweden,11/11/2,223.68,0
Sweden,11/14/2,1238.48,0
Sweden,11/15/2,181.66,0
Sweden,11/18/2,-8.67,0
Sweden,11/22/2,326.72,0
Sweden,11/6/20,671.69,0
Sweden,11/8/20,-20.85,0
Sweden,12/14/2,0.0,0
Sweden,12/17/2,2646.3,0
Sweden,12/5/20,0.0,0
Sweden,2/1/201,509.5,0
Sweden,3/10/20,-57.6,0
Sweden,3/14/20,4400.28,0
Sweden,3/24/20,197.9,0
Sweden,4/15/20,486.1,0
Sweden,4/27/20,323.0,0
Sweden,5/11/20,8.5,0
Sweden,5/12/20,2557.88,0
Sweden,5/18/20,115.6,0
Sweden,5/3/201,-8.5,0
Sweden,5/4/201,-8.5,0
Sweden,6/2/201,121.55,0
Sweden,6/23/20,390.5,0
Sweden,6/9/201,319.95,0
Sweden,7/31/20,3976.99,0
Sweden,7/6/201,2825.1,0
Sweden,8/16/20,185.9,0
Sweden,8/17/20,-9.9,0
Sweden,8/25/20,353.86,0
Sweden,8/4/201,612.0,0
Sweden,8/8/201,249.1,0
Sweden,9/13/20,4114.08,0
Sweden,9/2/201,309.45,0
Sweden,9/30/20,151.68,0
Switzerland,1/19/20,3604.63,0
Switzerland,1/28/20,626.6,0
Switzerland,10/11/2,1527.96,0
Switzerland,10/12/2,661.92,0
Switzerland,10/25/2,1635.66,0
Switzerland,10/26/2,1275.64,0
Switzerland,10/28/2,0,409.99
Switzerland,10/3/20,-16.75,0
Switzerland,10/5/20,2539.56,0
Switzerland,11/11/2,292.58,0
Switzerland,11/18/2,925.64,0
Switzerland,11/23/2,428.57,0
Switzerland,11/29/2,262.5,0
Switzerland,11/6/20,6207.67,0
Switzerland,12/20/2,1001.52,0
Switzerland,12/3/20,303.4,0
Switzerland,2/11/20,-12.25,0
Switzerland,2/24/20,1340.32,0
Switzerland,2/25/20,179.35,0
Switzerland,2/28/20,441.92,0
Switzerland,2/4/201,693.33,0
Switzerland,3/25/20,490.78,0
Switzerland,3/30/20,940.17,0
Switzerland,3/9/201,439.28,0
Switzerland,4/11/20,-29.85,0
Switzerland,4/14/20,669.25,0
Switzerland,4/15/20,219.0,0
Switzerland,4/20/20,-45.9,0
Switzerland,4/21/20,1009.69,0
Switzerland,5/3/201,-42.8,0
Switzerland,5/31/20,906.4,0
Switzerland,5/5/201,2388.31,0
Switzerland,5/9/201,315.3,0
Switzerland,6/10/20,6207.08,0
Switzerland,6/13/20,-21.95,0
Switzerland,6/24/20,417.36,0
Switzerland,6/26/20,667.03,0
Switzerland,6/8/201,612.68,0
Switzerland,7/1/201,360.8,0
Switzerland,7/15/20,-102.0,0
Switzerland,7/17/20,0,235.96
Switzerland,7/25/20,736.0,0
Switzerland,7/26/20,593.74,0
Switzerland,7/31/20,1325.23,0
Switzerland,7/8/201,626.88,0
Switzerland,8/10/20,292.69,0
Switzerland,8/14/20,-4.95,0
Switzerland,8/19/20,668.58,0
Switzerland,8/2/201,3969.62,0
Switzerland,8/23/20,-27.15,0
Switzerland,8/3/201,-16.6,0
Switzerland,9/14/20,743.28,0
Switzerland,9/15/20,160.0,0
Switzerland,9/21/20,-24.95,0
Switzerland,9/22/20,4860.64,0
Switzerland,9/28/20,1810.51,0
Switzerland,9/29/20,505.48,0
Switzerland,9/6/201,200.0,0
USA,10/10/2,1579.51,0
USA,10/12/2,-1579.51,0
USA,10/21/2,731.69,0
USA,12/2/20,269.96,0
USA,12/5/20,615.28,0
USA,12/8/20,-269.96,0
USA,4/19/20,383.95,0
"United Arab Emirates",2/14/20,889.24,0
"United Arab Emirates",9/1/201,975.54,0
"United Arab Emirates",9/22/20,37.5,0
"United Kingdom",1/10/20,11288.46,7799.32
"United Kingdom",1/11/20,52746.62,7991.98
"United Kingdom",1/12/20,13577.95,6557.06
"United Kingdom",1/13/20,12718.1,4724.86
"United Kingdom",1/14/20,9667.15,6915.26
"United Kingdom",1/16/20,7116.61,0
"United Kingdom",1/17/20,13426.77,11453.63
"United Kingdom",1/18/20,6771.79,7268.44
"United Kingdom",1/19/20,8815.43,3699.42
"United Kingdom",1/20/20,10089.35,4310.1
"United Kingdom",1/21/20,14622.72,7414.19
"United Kingdom",1/23/20,9771.45,0
"United Kingdom",1/24/20,11798.09,4755.04
"United Kingdom",1/25/20,18033.81,4344.27
"United Kingdom",1/26/20,13471.36,1984.72
"United Kingdom",1/27/20,15959.44,1373.48
"United Kingdom",1/28/20,10816.45,2580.56
"United Kingdom",1/30/20,6456.44,0
"United Kingdom",1/31/20,11568.96,4052.82
"United Kingdom",1/4/201,10542.3,3430.92
"United Kingdom",1/5/201,27230.53,3307.04
"United Kingdom",1/6/201,25238.41,5681.22
"United Kingdom",1/7/201,16014.45,4389.88
"United Kingdom",1/9/201,14238.64,0
"United Kingdom",10/10/2,35085.14,3512.9
"United Kingdom",10/11/2,22469.29,5722.37
"United Kingdom",10/12/2,19957.58,3994.66
"United Kingdom",10/13/2,22632.99,3341.62
"United Kingdom",10/14/2,22033.77,3637.92
"United Kingdom",10/16/2,21605.44,0
"United Kingdom",10/17/2,30565.13,4204.61
"United Kingdom",10/18/2,30077.27,7028.2
"United Kingdom",10/19/2,22555.67,4141.04
"United Kingdom",10/2/20,11572.0,51.58
"United Kingdom",10/20/2,28868.53,58.84
"United Kingdom",10/21/2,52357.03,2809.38
"United Kingdom",10/23/2,12318.11,0
"United Kingdom",10/24/2,30499.8,7510.98
"United Kingdom",10/25/2,32560.89,4524.94
"United Kingdom",10/26/2,29668.7,2574.48
"United Kingdom",10/27/2,32098.4,1265.69
"United Kingdom",10/28/2,24675.88,2539.97
"United Kingdom",10/3/20,59782.21,3652.36
"United Kingdom",10/30/2,30556.17,0
"United Kingdom",10/31/2,28124.83,20679.44
"United Kingdom",10/4/20,37006.38,9162.5
"United Kingdom",10/5/20,46656.93,1289.83
"United Kingdom",10/6/20,45117.88,2205.73
"United Kingdom",10/7/20,42067.21,4347.22
"United Kingdom",10/9/20,11864.65,57.59
"United Kingdom",11/1/20,24722.35,22.34
"United Kingdom",11/10/2,54440.31,494.97
"United Kingdom",11/11/2,28114.55,16547.4
"United Kingdom",11/13/2,23994.22,3150.46
"United Kingdom",11/14/2,51462.65,54797.1
"United Kingdom",11/15/2,38029.94,11896.45
"United Kingdom",11/16/2,36746.61,14063.46
"United Kingdom",11/17/2,35965.6,4522.75
"United Kingdom",11/18/2,28127.45,13427.66
"United Kingdom",11/2/20,31343.48,6403.97
"United Kingdom",11/20/2,26558.81,3630.9
"United Kingdom",11/21/2,39837.63,3660.82
"United Kingdom",11/22/2,43046.95,12344.66
"United Kingdom",11/23/2,55013.45,5848.71
"United Kingdom",11/24/2,27925.08,10329.36
"United Kingdom",11/25/2,22652.55,20936.89
"United Kingdom",11/27/2,16431.47,3310.12
"United Kingdom",11/28/2,46195.85,4698.98
"United Kingdom",11/29/2,41183.03,19935.84
"United Kingdom",11/3/20,56294.6,2584.46
"United Kingdom",11/30/2,31219.25,15326.91
"United Kingdom",11/4/20,48555.27,6509.5
"United Kingdom",11/6/20,33121.79,5.0
"United Kingdom",11/7/20,24382.06,55687.61
"United Kingdom",11/8/20,35110.38,16682.45
"United Kingdom",11/9/20,55634.33,4104.8
"United Kingdom",12/1/20,82632.99,17665.49
"United Kingdom",12/10/2,27105.04,23777.75
"United Kingdom",12/12/2,13627.03,23.3
"United Kingdom",12/13/2,26560.87,8170.66
"United Kingdom",12/14/2,25410.19,15130.69
"United Kingdom",12/15/2,29415.4,132.9
"United Kingdom",12/16/2,46652.57,322.82
"United Kingdom",12/17/2,7789.72,21553.92
"United Kingdom",12/19/2,6518.82,117.52
"United Kingdom",12/2/20,86089.15,12219.92
"United Kingdom",12/20/2,15559.91,5941.01
"United Kingdom",12/21/2,5624.33,28029.0
"United Kingdom",12/22/2,4110.0,15.05
"United Kingdom",12/23/2,3759.72,5799.67
"United Kingdom",12/3/20,17512.44,20708.97
"United Kingdom",12/4/20,17335.01,4245.47
"United Kingdom",12/5/20,79057.31,24215.1
"United Kingdom",12/6/20,68745.88,30472.29
"United Kingdom",12/7/20,99312.05,32068.14
"United Kingdom",12/8/20,80488.32,32892.23
"United Kingdom",12/9/20,38413.46,26315.59
"United Kingdom",2/1/201,22829.88,2376.18
"United Kingdom",2/10/20,12056.08,489.03
"United Kingdom",2/11/20,13667.73,3826.95
"United Kingdom",2/13/20,5535.4,0
"United Kingdom",2/14/20,18399.1,2307.95
"United Kingdom",2/15/20,17215.47,1274.36
"United Kingdom",2/16/20,19220.55,1300.39
"United Kingdom",2/17/20,15458.09,7340.74
"United Kingdom",2/18/20,12682.86,1596.67
"United Kingdom",2/2/201,15797.83,3198.64
"United Kingdom",2/20/20,9578.89,0
"United Kingdom",2/21/20,10330.9,1839.26
"United Kingdom",2/22/20,25789.5,3024.69
"United Kingdom",2/23/20,16940.97,6579.24
"United Kingdom",2/24/20,19632.38,1147.04
"United Kingdom",2/25/20,16690.94,2000.42
"United Kingdom",2/27/20,8967.9,0
"United Kingdom",2/28/20,12272.18,5094.11
"United Kingdom",2/3/201,18821.8,1127.3
"United Kingdom",2/4/201,15521.96,6020.06
"United Kingdom",2/6/201,3457.11,0
"United Kingdom",2/7/201,20902.91,2130.7
"United Kingdom",2/8/201,12367.99,5932.42
"United Kingdom",2/9/201,4715.21,3873.25
"United Kingdom",3/1/201,12626.02,2307.45
"United Kingdom",3/10/20,15780.85,1541.47
"United Kingdom",3/11/20,15730.08,4377.81
"United Kingdom",3/13/20,3794.33,0
"United Kingdom",3/14/20,18588.57,10.3
"United Kingdom",3/15/20,10428.81,4871.59
"United Kingdom",3/16/20,19274.59,125.6
"United Kingdom",3/17/20,24122.97,6660.33
"United Kingdom",3/18/20,19974.92,3559.08
"United Kingdom",3/2/201,17491.9,3.8
"United Kingdom",3/20/20,18452.05,1735.5
"United Kingdom",3/21/20,15179.17,664.47
"United Kingdom",3/22/20,15655.4,11006.84
"United Kingdom",3/23/20,17220.69,2099.91
"United Kingdom",3/24/20,33702.3,0.0
"United Kingdom",3/25/20,20700.71,3122.62
"United Kingdom",3/27/20,8827.52,16.95
"United Kingdom",3/28/20,15162.63,2381.32
"United Kingdom",3/29/20,18762.57,31454.84
"United Kingdom",3/3/201,13886.0,3121.12
"United Kingdom",3/30/20,25521.73,1998.1
"United Kingdom",3/31/20,15862.3,7362.94
"United Kingdom",3/4/201,14447.51,2007.85
"United Kingdom",3/6/201,9588.28,7.95
"United Kingdom",3/7/201,18844.27,10625.61
"United Kingdom",3/8/201,19748.89,2517.02
"United Kingdom",3/9/201,17542.81,1493.64
"United Kingdom",4/1/201,20882.88,723.28
"United Kingdom",4/10/20,8887.39,0
"United Kingdom",4/11/20,17437.66,2139.13
"United Kingdom",4/12/20,23233.34,6.7
"United Kingdom",4/13/20,22532.06,0.0
"United Kingdom",4/14/20,30170.7,401.37
"United Kingdom",4/15/20,15717.431,8434.51
"United Kingdom",4/17/20,11627.34,0
"United Kingdom",4/18/20,16740.21,11623.46
"United Kingdom",4/19/20,14754.48,4779.7
"United Kingdom",4/20/20,24374.97,2951.52
"United Kingdom",4/21/20,23915.89,3667.48
"United Kingdom",4/26/20,20212.52,8098.72
"United Kingdom",4/27/20,21357.52,2065.4
"United Kingdom",4/28/20,18368.76,1035.08
"United Kingdom",4/3/201,6853.45,24.65
"United Kingdom",4/4/201,18598.99,3621.03
"United Kingdom",4/5/201,17949.62,1200.12
"United Kingdom",4/6/201,11688.78,4452.83
"United Kingdom",4/7/201,13880.76,1432.55
"United Kingdom",4/8/201,17559.66,2257.07
"United Kingdom",5/1/201,5870.33,0
"United Kingdom",5/10/20,24995.11,13868.71
"United Kingdom",5/11/20,26704.43,1623.86
"United Kingdom",5/12/20,25152.51,1811.85
"United Kingdom",5/13/20,22646.79,2745.77
"United Kingdom",5/15/20,8924.87,244.23
"United Kingdom",5/16/20,30295.04,3463.58
"United Kingdom",5/17/20,31723.89,5424.86
"United Kingdom",5/18/20,29604.83,1423.77
"United Kingdom",5/19/20,25155.32,3054.23
"United Kingdom",5/20/20,22515.96,1104.24
"United Kingdom",5/22/20,21590.85,0
"United Kingdom",5/23/20,22890.36,2811.65
"United Kingdom",5/24/20,31170.46,4626.48
"United Kingdom",5/25/20,17701.79,2320.42
"United Kingdom",5/26/20,21303.69,574.1
"United Kingdom",5/27/20,19107.23,6663.54
"United Kingdom",5/29/20,6625.57,0
"United Kingdom",5/3/201,10375.71,5980.51
"United Kingdom",5/31/20,13665.74,4181.85
"United Kingdom",5/4/201,24721.56,12.15
"United Kingdom",5/5/201,21082.66,3792.79
"United Kingdom",5/6/201,25384.68,5106.96
"United Kingdom",5/8/201,16889.96,0
"United Kingdom",5/9/201,19474.01,5014.51
"United Kingdom",6/1/201,8926.3,4590.8
"United Kingdom",6/10/20,11245.36,3525.11
"United Kingdom",6/12/20,11495.63,44.85
"United Kingdom",6/13/20,11878.2,2299.64
"United Kingdom",6/14/20,33203.12,6693.14
"United Kingdom",6/15/20,13605.86,2613.79
"United Kingdom",6/16/20,28208.65,2003.9
"United Kingdom",6/17/20,13786.22,2016.94
"United Kingdom",6/19/20,15683.99,0
"United Kingdom",6/2/201,25711.0,3804.69
"United Kingdom",6/20/20,16639.34,6929.55
"United Kingdom",6/21/20,15570.76,4413.96
"United Kingdom",6/22/20,16470.85,21.61
"United Kingdom",6/23/20,19268.27,2368.42
"United Kingdom",6/24/20,13754.15,2114.37
"United Kingdom",6/26/20,5368.69,0
"United Kingdom",6/27/20,12202.74,2816.54
"United Kingdom",6/28/20,16187.59,4251.13
"United Kingdom",6/29/20,9370.3,7849.13
"United Kingdom",6/3/201,13018.39,1689.54
"United Kingdom",6/30/20,36929.94,2789.62
"United Kingdom",6/5/201,19392.04,0
"United Kingdom",6/6/201,12643.71,1289.2
"United Kingdom",6/7/201,32371.13,3478.91
"United Kingdom",6/8/201,23508.41,11119.59
"United Kingdom",6/9/201,36068.61,2966.05
"United Kingdom",7/1/201,9041.94,999.49
"United Kingdom",7/10/20,5692.07,0
"United Kingdom",7/11/20,17391.68,2249.88
"United Kingdom",7/12/20,15310.01,7445.37
"United Kingdom",7/13/20,13553.52,2769.67
"United Kingdom",7/14/20,23352.46,1325.39
"United Kingdom",7/15/20,9265.65,2591.8
"United Kingdom",7/17/20,16443.37,0
"United Kingdom",7/18/20,5023.88,6447.36
"United Kingdom",7/19/20,28491.62,3365.0
"United Kingdom",7/20/20,18962.98,5259.34
"United Kingdom",7/21/20,25818.71,1828.4
"United Kingdom",7/22/20,12866.05,5134.39
"United Kingdom",7/24/20,24469.17,302.54
"United Kingdom",7/25/20,15894.85,6238.13
"United Kingdom",7/26/20,15861.991,4070.08
"United Kingdom",7/27/20,16515.67,2499.69
"United Kingdom",7/28/20,46069.94,1454.04
"United Kingdom",7/29/20,15221.77,1364.13
"United Kingdom",7/3/201,5977.14,0
"United Kingdom",7/31/20,13566.45,97.32
"United Kingdom",7/4/201,24837.97,11064.06
"United Kingdom",7/5/201,24086.31,13041.24
"United Kingdom",7/6/201,18021.24,2955.04
"United Kingdom",7/7/201,24903.95,3957.13
"United Kingdom",7/8/201,14507.21,7490.45
"United Kingdom",8/1/201,17941.0,1430.16
"United Kingdom",8/10/20,16178.36,8584.99
"United Kingdom",8/11/20,32209.22,13366.04
"United Kingdom",8/12/20,12478.94,2776.74
"United Kingdom",8/14/20,5542.99,0
"United Kingdom",8/15/20,13072.03,0.0
"United Kingdom",8/16/20,15504.39,3161.82
"United Kingdom",8/17/20,43352.67,2343.84
"United Kingdom",8/18/20,25843.23,24.12
"United Kingdom",8/19/20,12783.88,0
"United Kingdom",8/2/201,13387.18,6033.45
"United Kingdom",8/21/20,11797.94,10.02
"United Kingdom",8/22/20,24936.23,28.28
"United Kingdom",8/23/20,17753.81,-1.35
"United Kingdom",8/24/20,35217.03,9093.35
"United Kingdom",8/25/20,17830.3,548.46
"United Kingdom",8/26/20,13208.6,1514.8
"United Kingdom",8/28/20,9538.29,0
"United Kingdom",8/3/201,23912.11,1362.31
"United Kingdom",8/30/20,8226.53,20505.19
"United Kingdom",8/31/20,3753.86,3801.13
"United Kingdom",8/4/201,53681.14,3110.12
"United Kingdom",8/5/201,15169.24,1499.07
"United Kingdom",8/7/201,7354.77,1.95
"United Kingdom",8/8/201,13900.93,3210.55
"United Kingdom",8/9/201,12433.74,1618.92
"United Kingdom",9/1/201,29027.47,0.0
"United Kingdom",9/11/20,33699.2,0
"United Kingdom",9/12/20,27290.38,1520.6
"United Kingdom",9/13/20,34964.25,6121.61
"United Kingdom",9/14/20,19486.39,1423.84
"United Kingdom",9/15/20,65610.96,5005.9
"United Kingdom",9/16/20,21062.46,3514.97
"United Kingdom",9/18/20,15692.33,0
"United Kingdom",9/19/20,18745.72,8.71
"United Kingdom",9/2/201,26160.52,10632.18
"United Kingdom",9/20/20,100460.38,5084.01
"United Kingdom",9/21/20,25031.81,8767.07
"United Kingdom",9/22/20,44438.73,1309.83
"United Kingdom",9/23/20,22709.36,7701.58
"United Kingdom",9/25/20,28587.751,0
"United Kingdom",9/26/20,26194.171,5.33
"United Kingdom",9/27/20,27073.62,5983.14
"United Kingdom",9/28/20,31851.56,4067.68
"United Kingdom",9/29/20,38400.84,1489.83
"United Kingdom",9/30/20,31121.87,3439.28
"United Kingdom",9/4/201,12992.36,114.56
"United Kingdom",9/5/201,24411.94,1320.44
"United Kingdom",9/6/201,19761.9,2854.09
"United Kingdom",9/7/201,15374.49,10054.98
"United Kingdom",9/8/201,17596.96,1702.73
"United Kingdom",9/9/201,18782.42,4312.0
Unspecified,11/16/2,0,333.2
Unspecified,11/24/2,0,632.55
Unspecified,4/11/20,299.1,0
Unspecified,5/10/20,852.68,0
Unspecified,5/19/20,0,203.19
Unspecified,6/20/20,185.78,0
Unspecified,7/14/20,252.05,0
Unspecified,7/28/20,546.43,0
Unspecified,7/8/201,0,626.93
Unspecified,8/22/20,531.03,0
Unspecified,9/2/201,0,286.85
